1,1,,2,3,"abracadabra abracadabra abracadabra",,"abracadabra abracadabra abracadabra abracadabra abracadabra abracadabra abracadabra abracadabra abracadabra abracadabra abracadabra abracadabra abracadabra abracadabra abracadabra abracadabra abracadabra abracadabra abracadabra abracadabra abracadabra abracadabra",,2013-01-01 00:00:00,
2,2,,1,4,"abracadabra abracadabra abracadabra",,"abracadabra abracadabra abracadabra abracadabra abracadabra abracadabra abracadabra abracadabra abracadabra abracadabra abracadabra abracadabra abracadabra abracadabra abracadabra abracadabra abracadabra abracadabra abracadabra abracadabra abracadabra abracadabra",,2013-01-01 00:00:00,
3,3,,3,3,"abracadabra abracadabra abracadabra",,"abracadabra abracadabra abracadabra abracadabra abracadabra abracadabra abracadabra abracadabra abracadabra abracadabra abracadabra abracadabra abracadabra abracadabra abracadabra abracadabra abracadabra abracadabra abracadabra abracadabra abracadabra abracadabra",,2013-01-01 00:00:00,
4,4,,2,4,"abracadabra abracadabra abracadabr",,"abracadabra abracadabra abracadabra abracadabra abracadabra abracadabra abracadabra abracadabra abracadabra abracadabra abracadabra abracadabra abracadabra abracadabra abracadabra abracadabra abracadabra abracadabra abracadabra abracadabra abracadabra abracadabra",,2013-01-01 00:00:00,
5,5,,1,3,"abracadabra abracadabra abracadabra",,"abracadabra abracadabra abracadabra abracadabra abracadabra abracadabra abracadabra abracadabra abracadabra abracadabra abracadabra abracadabra abracadabra abracadabra abracadabra abracadabra abracadabra abracadabra abracadabra abracadabra abracadabra abracadabra",,2013-01-01 00:00:00,
6,6,,3,2,"abracadabra abracadabra abracadabra",,"abracadabra abracadabra abracadabra abracadabra abracadabra abracadabra abracadabra abracadabra abracadabra abracadabra abracadabra abracadabra abracadabra abracadabra abracadabra abracadabra abracadabra abracadabra abracadabra abracadabra abracadabra abracadabra",,2013-01-01 00:00:00,
7,7,,2,1,"abracadabra abracadabra abracadabra",,"abracadabra abracadabra abracadabra abracadabra abracadabra abracadabra abracadabra abracadabra abracadabra abracadabra abracadabra abracadabra abracadabra abracadabra abracadabra abracadabra abracadabra abracadabra abracadabra abracadabra abracadabra abracadabra",,2013-01-01 00:00:00,
8,8,,1,2,"abracadabra abracadabra abracadabra",,"abracadabra abracadabra abracadabra abracadabra abracadabra abracadabra abracadabra abracadabra abracadabra abracadabra abracadabra abracadabra abracadabra abracadabra abracadabra abracadabra abracadabra abracadabra abracadabra abracadabra abracadabra abracadabra",,2013-01-01 00:00:00,
9,9,,2,3,"abracadabra abracadabra abracadabra",,"abracadabra abracadabra abracadabra abracadabra abracadabra abracadabra abracadabra abracadabra abracadabra abracadabra abracadabra abracadabra abracadabra abracadabra abracadabra abracadabra abracadabra abracadabra abracadabra abracadabra abracadabra abracadabra",,2013-01-01 00:00:00,
10,10,,3,4,"abracadabra abracadabra abracadabra",,"abracadabra abracadabra abracadabra abracadabra abracadabra abracadabra abracadabra abracadabra abracadabra abracadabra abracadabra abracadabra abracadabra abracadabra abracadabra abracadabra abracadabra abracadabra abracadabra abracadabra abracadabra abracadabra",,2013-01-01 00:00:00,
11,1,1,1,1,"nested abracadabra",,"nested comments r00l",,2013-01-01 00:00:00,
12,2,2,2,1,"nested abracadabra",,"nested comments r00l",,2013-01-01 00:00:00,
13,3,3,3,2,"nested abracadabra",,"nested comments r00l",,2013-01-01 00:00:00,
14,4,4,1,3,"nested abracadabra",,"nested comments r00l",,2013-01-01 00:00:00,
15,5,5,2,4,"nested abracadabra",,"nested comments r00l",,2013-01-01 00:00:00,
16,6,6,3,1,"nested abracadabra",,"nested comments r00l",,2013-01-01 00:00:00,
17,7,7,1,2,"nested abracadabra",,"nested comments r00l",,2013-01-01 00:00:00,
18,8,8,2,3,"nested abracadabra",,"nested comments r00l",,2013-01-01 00:00:00,
19,9,9,3,4,"nested abracadabra",,"nested comments r00l",,2013-01-01 00:00:00,
20,10,10,1,1,"nested abracadabra",,"nested comments r00l",,2013-01-01 00:00:00,
21,1,11,2,2,"nested abracadabra",,"nested comments r00l",,2013-01-01 00:00:00,
22,2,12,3,3,"nested abracadabra",,"nested comments r00l",,2013-01-01 00:00:00,
23,3,13,1,4,"nested abracadabra",,"nested comments r00l",,2013-01-01 00:00:00,
24,24,,2,2001,"Welcome",,"Click around...",,2013-01-01 00:00:00,
25,25,,3,3000,"Welcome",,"Click around...",,2013-01-01 00:00:00,
26,26,,4,4000,"Welcome",,"Click around...",,2013-01-01 00:00:00,
